[{"id":"user-image-pexels-geraud-pfeiffer-6605201.jpg","publicUrl":"np://user.desktop.nicepage.com/Site_36632767/images/pexels-geraud-pfeiffer-6605201.jpg","size":119526,"hash":"AHKi40LkJRu6CwtrX4bKS42PQyw=","fileName":"pexels-geraud-pfeiffer-6605201.jpg","name":"pexels-geraud-pfeiffer-6605201","width":1080,"height":1080,"thumbnail":{"url":"np://user.desktop.nicepage.com/Site_36632767/images/thumbnails/pexels-geraud-pfeiffer-6605201.jpg","width":250,"height":250},"originalUrl":"//images01.nicepagecdn.com/a1389d7bc73adea1e1c1fb7e/d92108e3370a5a4196fd2185/pexels-geraud-pfeiffer-6605201.jpg","usages":["61010817"]},{"id":"user-image-1.png","publicUrl":"np://user.desktop.nicepage.com/Site_36632767/images/1.png","size":728266,"hash":"IgWF5/Vs5WfKV1KLS8McEM0aVUM=","fileName":"1.png","name":"1","width":1147,"height":1080,"thumbnail":{"url":"np://user.desktop.nicepage.com/Site_36632767/images/thumbnails/1.png","width":250,"height":235},"originalUrl":"//images01.nicepagecdn.com/a1389d7bc73adea1e1c1fb7e/4d908ca14e4d55a4831c4a39/1.png","usages":["61010817"]},{"id":"user-image-Untitled-1.jpg","publicUrl":"np://user.desktop.nicepage.com/Site_36632767/images/Untitled-1.jpg","size":161028,"hash":"hVkQFCkUKoktVqt4zs9VZvGjTRw=","fileName":"Untitled-1.jpg","name":"Untitled-1","width":1637,"height":1080,"thumbnail":{"url":"np://user.desktop.nicepage.com/Site_36632767/images/thumbnails/Untitled-1.jpg","width":250,"height":165},"originalUrl":"//images01.nicepagecdn.com/a1389d7bc73adea1e1c1fb7e/b1c0b0a0121d5008a238b9f2/Untitled-1.jpg","usages":["61010817"]},{"id":"user-image-pexels-geraud-pfeiffer-6605205.jpg","publicUrl":"np://user.desktop.nicepage.com/Site_36632767/images/pexels-geraud-pfeiffer-6605205.jpg","size":146198,"hash":"wCShQygOp3QCX7tvujGy60vIXno=","fileName":"pexels-geraud-pfeiffer-6605205.jpg","name":"pexels-geraud-pfeiffer-6605205","width":1080,"height":1080,"thumbnail":{"url":"np://user.desktop.nicepage.com/Site_36632767/images/thumbnails/pexels-geraud-pfeiffer-6605205.jpg","width":250,"height":250},"originalUrl":"//images01.nicepagecdn.com/a1389d7bc73adea1e1c1fb7e/8f6f9f067b845117b42d1e5a/pexels-geraud-pfeiffer-6605205.jpg","usages":["61010817"]},{"id":"user-image-pexels-skyler-ewing-9482663.jpg","publicUrl":"np://user.desktop.nicepage.com/Site_36632767/images/pexels-skyler-ewing-9482663.jpg","size":826361,"hash":"/Ay1IS26zZwNOUtEz0Mb0LclZDQ=","fileName":"pexels-skyler-ewing-9482663.jpg","name":"pexels-skyler-ewing-9482663","width":853,"height":853,"thumbnail":{"url":"np://user.desktop.nicepage.com/Site_36632767/images/thumbnails/pexels-skyler-ewing-9482663.jpg","width":250,"height":250},"originalUrl":"//images01.nicepagecdn.com/a1389d7bc73adea1e1c1fb7e/3ebc12be0f655518bb30e0de/pexels-skyler-ewing-9482663.jpg","usages":["61010817"]},{"id":"user-image-pexels-skyler-ewing-9482670.jpg","publicUrl":"np://user.desktop.nicepage.com/Site_36632767/images/pexels-skyler-ewing-9482670.jpg","size":777353,"hash":"Q6X32rL6sp5LNutu0aaGTst9SQ4=","fileName":"pexels-skyler-ewing-9482670.jpg","name":"pexels-skyler-ewing-9482670","width":853,"height":853,"thumbnail":{"url":"np://user.desktop.nicepage.com/Site_36632767/images/thumbnails/pexels-skyler-ewing-9482670.jpg","width":250,"height":250},"originalUrl":"//images01.nicepagecdn.com/a1389d7bc73adea1e1c1fb7e/8303fed7a75c5c17922c718d/pexels-skyler-ewing-9482670.jpg","usages":["61010817"]},{"id":"user-image-pexels-kristina-paukshtite-1839752.jpg","publicUrl":"np://user.desktop.nicepage.com/Site_36632767/images/pexels-kristina-paukshtite-1839752.jpg","size":135799,"hash":"v3ykbUOv8AiKUfRfrRstJqIgkeQ=","fileName":"pexels-kristina-paukshtite-1839752.jpg","name":"pexels-kristina-paukshtite-1839752","width":1280,"height":853,"thumbnail":{"url":"np://user.desktop.nicepage.com/Site_36632767/images/thumbnails/pexels-kristina-paukshtite-1839752.jpg","width":250,"height":167},"originalUrl":"//images01.nicepagecdn.com/a1389d7bc73adea1e1c1fb7e/fda1389276675fc39011aebf/pexels-kristina-paukshtite-1839752.jpg","usages":["61010817"]},{"id":"user-image-pexels-magda-ehlers-1586947.jpg","publicUrl":"np://user.desktop.nicepage.com/Site_36632767/images/pexels-magda-ehlers-1586947.jpg","size":195830,"hash":"vX8p2kAMmcL0nbf2SXZFde3ArDY=","fileName":"pexels-magda-ehlers-1586947.jpg","name":"pexels-magda-ehlers-1586947","width":1280,"height":853,"thumbnail":{"url":"np://user.desktop.nicepage.com/Site_36632767/images/thumbnails/pexels-magda-ehlers-1586947.jpg","width":250,"height":167},"originalUrl":"//images01.nicepagecdn.com/a1389d7bc73adea1e1c1fb7e/002229ba335b5fe29a0f14c0/pexels-magda-ehlers-1586947.jpg","usages":["61010817"]},{"id":"user-image-pexels-vaibhav-jadhav-3218467.jpg","publicUrl":"np://user.desktop.nicepage.com/Site_36632767/images/pexels-vaibhav-jadhav-3218467.jpg","size":117106,"hash":"MV8Q1+W5fcI56izqJKFebq9TsRI=","fileName":"pexels-vaibhav-jadhav-3218467.jpg","name":"pexels-vaibhav-jadhav-3218467","width":1280,"height":853,"thumbnail":{"url":"np://user.desktop.nicepage.com/Site_36632767/images/thumbnails/pexels-vaibhav-jadhav-3218467.jpg","width":250,"height":167},"originalUrl":"//images01.nicepagecdn.com/a1389d7bc73adea1e1c1fb7e/ee72297a11765fed9c0f8661/pexels-vaibhav-jadhav-3218467.jpg","usages":["61010817"]},{"id":"user-image-pexels-josh-sorenson-1546890.jpg","publicUrl":"np://user.desktop.nicepage.com/Site_36632767/images/pexels-josh-sorenson-1546890.jpg","size":153836,"hash":"i//1z8pMzeqLWo8fYo95pth4N/U=","fileName":"pexels-josh-sorenson-1546890.jpg","name":"pexels-josh-sorenson-1546890","width":1280,"height":853,"thumbnail":{"url":"np://user.desktop.nicepage.com/Site_36632767/images/thumbnails/pexels-josh-sorenson-1546890.jpg","width":250,"height":167},"originalUrl":"//images01.nicepagecdn.com/a1389d7bc73adea1e1c1fb7e/934bfc2fda1e560397a863ee/pexels-josh-sorenson-1546890.jpg","usages":["61010817"]},{"id":"user-image-3.png","publicUrl":"np://user.desktop.nicepage.com/Site_36632767/images/3.png","size":717114,"hash":"GaARuSYZqUPUH2HIvfMWf2jMGbw=","fileName":"3.png","name":"3","width":1147,"height":1080,"thumbnail":{"url":"np://user.desktop.nicepage.com/Site_36632767/images/thumbnails/3.png","width":250,"height":235},"originalUrl":"//images01.nicepagecdn.com/a1389d7bc73adea1e1c1fb7e/5215eda16ff55dbdafafb766/3.png","usages":["61010817"]},{"id":"user-image-aefe2087e2c2094512ed25f9cee58c41d972368a070a864f284c7ba3105febdcec900964b8e935d66dc54038c060cb26dee35ad9e23cf8d96b6b81_1280.png","publicUrl":"np://user.desktop.nicepage.com/Site_36632767/images/aefe2087e2c2094512ed25f9cee58c41d972368a070a864f284c7ba3105febdcec900964b8e935d66dc54038c060cb26dee35ad9e23cf8d96b6b81_1280.png","size":132264,"hash":"3wrxEzKyu5403OPNANhvUS+S1Cg=","fileName":"aefe2087e2c2094512ed25f9cee58c41d972368a070a864f284c7ba3105febdcec900964b8e935d66dc54038c060cb26dee35ad9e23cf8d96b6b81_1280.png","name":"aefe2087e2c2094512ed25f9cee58c41d972368a070a864f284c7ba3105febdcec900964b8e935d66dc54038c060cb26dee35ad9e23cf8d96b6b81_1280","width":1280,"height":640,"thumbnail":{"url":"np://user.desktop.nicepage.com/Site_36632767/images/thumbnails/aefe2087e2c2094512ed25f9cee58c41d972368a070a864f284c7ba3105febdcec900964b8e935d66dc54038c060cb26dee35ad9e23cf8d96b6b81_1280.png","width":250,"height":125},"usages":[]}]